timestamp,ip,endpoint,method,status,req_size,resp_time,user_agent
2025-12-23 21:54:16.037785,10.0.0.6,/,POST,404,594,115,Mozilla/5.0
2025-12-23 21:54:16.037785,10.0.0.26,/login,GET,200,570,193,Mozilla/5.0
2025-12-23 21:54:16.037785,10.0.0.18,/login,POST,200,562,166,Safari/15.0
2025-12-23 21:54:16.037785,10.0.0.2,/api/data,POST,200,266,200,Mozilla/5.0
2025-12-23 21:54:16.037785,10.0.0.23,/,GET,200,789,81,Chrome/120.0
2025-12-23 21:54:16.037785,10.0.0.41,/api/login,POST,200,367,154,Safari/15.0
2025-12-23 21:54:16.037785,10.0.0.23,/login,GET,200,705,241,Safari/15.0
2025-12-23 21:54:16.037785,10.0.0.45,/api/data,POST,200,501,129,Chrome/120.0
2025-12-23 21:54:16.037785,10.0.0.10,/login,POST,200,268,179,Safari/15.0
2025-12-23 21:54:16.037785,10.0.0.25,/api/data,GET,200,410,187,Mozilla/5.0
2025-12-23 21:54:16.037785,10.0.0.47,/api/login,GET,200,364,154,Safari/15.0
2025-12-23 21:54:16.037785,10.0.0.28,/login,POST,200,658,225,Chrome/120.0
2025-12-23 21:54:16.037785,10.0.0.13,/login,POST,200,741,151,Mozilla/5.0
2025-12-23 21:54:16.037785,10.0.0.8,/,POST,404,418,236,Chrome/120.0
2025-12-23 21:54:16.037785,10.0.0.3,/api/login,GET,200,223,199,Chrome/120.0
2025-12-23 21:54:16.037785,10.0.0.8,/login,POST,404,557,244,Safari/15.0
2025-12-23 21:54:16.037785,10.0.0.18,/api/data,POST,404,274,240,Safari/15.0
2025-12-23 21:54:16.037785,10.0.0.48,/api/data,POST,200,621,223,Safari/15.0
2025-12-23 21:54:16.037785,10.0.0.17,/,POST,404,494,181,Mozilla/5.0
2025-12-23 21:54:16.037785,10.0.0.37,/api/data,POST,404,400,87,Chrome/120.0
2025-12-23 21:54:16.037785,10.0.0.43,/api/login,POST,404,376,84,Mozilla/5.0
2025-12-23 21:54:16.037785,10.0.0.9,/login,POST,200,534,223,Safari/15.0
2025-12-23 21:54:16.037785,10.0.0.33,/,GET,200,312,234,Mozilla/5.0
2025-12-23 21:54:16.037785,10.0.0.21,/login,GET,200,270,175,Mozilla/5.0
2025-12-23 21:54:16.037785,10.0.0.23,/login,POST,404,379,172,Mozilla/5.0
2025-12-23 21:54:16.037785,10.0.0.31,/api/login,GET,404,227,169,Mozilla/5.0
2025-12-23 21:54:16.037785,10.0.0.22,/api/login,GET,200,204,99,Chrome/120.0
2025-12-23 21:54:16.037785,10.0.0.18,/api/login,GET,404,305,178,Safari/15.0
2025-12-23 21:54:16.037785,10.0.0.34,/login,GET,200,401,166,Mozilla/5.0
2025-12-23 21:54:16.037785,10.0.0.26,/api/data,GET,404,413,194,Safari/15.0
2025-12-23 21:54:16.037785,10.0.0.34,/api/login,GET,200,482,91,Mozilla/5.0
2025-12-23 21:54:16.037785,10.0.0.26,/api/login,POST,200,305,215,Chrome/120.0
2025-12-23 21:54:16.037785,10.0.0.26,/,GET,404,410,190,Safari/15.0
2025-12-23 21:54:16.037785,10.0.0.41,/login,POST,200,277,164,Mozilla/5.0
2025-12-23 21:54:16.037785,10.0.0.48,/api/login,POST,200,697,100,Mozilla/5.0
2025-12-23 21:54:16.037785,10.0.0.8,/login,GET,200,251,96,Safari/15.0
2025-12-23 21:54:16.037785,10.0.0.45,/api/login,POST,404,356,157,Mozilla/5.0
2025-12-23 21:54:16.037785,10.0.0.32,/api/login,POST,404,301,186,Mozilla/5.0
2025-12-23 21:54:16.037785,10.0.0.6,/login,GET,200,765,215,Safari/15.0
2025-12-23 21:54:16.037785,10.0.0.35,/api/login,POST,200,747,242,Chrome/120.0
2025-12-23 21:54:16.037785,10.0.0.3,/,GET,200,479,173,Chrome/120.0
2025-12-23 21:54:16.037785,10.0.0.6,/api/data,POST,200,447,236,Chrome/120.0
2025-12-23 21:54:16.037785,10.0.0.43,/,POST,200,288,95,Mozilla/5.0
2025-12-23 21:54:16.037785,10.0.0.31,/,GET,200,663,167,Safari/15.0
2025-12-23 21:54:16.037785,10.0.0.25,/,GET,200,214,219,Chrome/120.0
2025-12-23 21:54:16.037785,10.0.0.100,/login,POST,403,978,337,bot-agent
2025-12-23 21:54:16.037785,10.0.0.99,/admin,POST,403,1549,390,bot-agent
2025-12-23 21:54:16.037785,10.0.0.100,/api/login,POST,401,1034,424,bot-agent
2025-12-23 21:54:16.037785,10.0.0.99,/login,POST,403,1875,559,bot-agent
2025-12-23 21:54:16.037785,10.0.0.100,/admin,POST,500,1595,757,bot-agent
2025-12-23 21:54:16.037785,10.0.0.99,/api/login,POST,500,947,471,bot-agent
2025-12-23 21:54:16.037785,10.0.0.99,/api/login,POST,401,1109,663,bot-agent
2025-12-23 21:54:16.037785,10.0.0.100,/login,POST,403,1176,795,bot-agent
2025-12-23 21:54:16.037785,10.0.0.99,/login,POST,500,908,495,bot-agent
2025-12-23 21:54:16.037785,10.0.0.99,/admin,POST,403,1946,475,bot-agent
2025-12-23 21:54:16.037785,10.0.0.100,/login,POST,403,1662,361,bot-agent
2025-12-23 21:54:16.037785,10.0.0.99,/api/login,POST,403,1277,314,bot-agent
2025-12-23 21:54:16.037785,10.0.0.100,/api/login,POST,403,1509,492,bot-agent
2025-12-23 21:54:16.037785,10.0.0.99,/login,POST,500,1372,657,bot-agent
2025-12-23 21:54:16.037785,10.0.0.100,/login,POST,403,1180,432,bot-agent
2025-12-23 21:54:16.037785,10.0.0.100,/login,POST,403,1380,711,bot-agent
2025-12-23 21:54:16.037785,10.0.0.100,/login,POST,500,1299,724,bot-agent
2025-12-23 21:54:16.037785,10.0.0.99,/login,POST,500,1025,369,bot-agent
2025-12-23 21:54:16.037785,10.0.0.99,/admin,POST,403,1451,563,bot-agent
2025-12-23 21:54:16.037785,10.0.0.99,/admin,POST,403,1393,508,bot-agent
2025-12-23 21:54:16.037785,10.0.0.99,/admin,POST,403,1279,412,bot-agent
2025-12-23 21:54:16.037785,10.0.0.100,/api/login,POST,403,1292,511,bot-agent
2025-12-23 21:54:16.037785,10.0.0.100,/api/login,POST,401,1098,479,bot-agent
2025-12-23 21:54:16.037785,10.0.0.99,/api/login,POST,500,1642,761,bot-agent
2025-12-23 21:54:16.037785,10.0.0.99,/admin,POST,500,1591,516,bot-agent
2025-12-23 21:54:16.037785,10.0.0.100,/admin,POST,500,1438,574,bot-agent
2025-12-23 21:54:16.037785,10.0.0.99,/login,POST,401,1635,601,bot-agent
2025-12-23 21:54:16.037785,10.0.0.100,/api/login,POST,500,1647,697,bot-agent
2025-12-23 21:54:16.037785,10.0.0.100,/login,POST,403,1715,343,bot-agent
2025-12-23 21:54:16.037785,10.0.0.99,/api/login,POST,500,1172,301,bot-agent
2025-12-23 21:54:16.037785,10.0.0.99,/api/login,POST,500,1363,715,bot-agent
2025-12-23 21:54:16.037785,10.0.0.99,/admin,POST,403,1313,317,bot-agent
2025-12-23 21:54:16.037785,10.0.0.100,/admin,POST,500,1983,624,bot-agent
2025-12-23 21:54:16.037785,10.0.0.100,/login,POST,403,1735,332,bot-agent
2025-12-23 21:54:16.037785,10.0.0.99,/api/login,POST,403,1867,662,bot-agent
2025-12-23 21:54:16.037785,10.0.0.99,/login,POST,401,1974,569,bot-agent
2025-12-23 21:54:16.037785,10.0.0.99,/admin,POST,500,1258,569,bot-agent
2025-12-23 21:55:16.037785,10.0.0.32,/api/login,POST,200,299,125,Safari/15.0
2025-12-23 21:55:16.037785,10.0.0.38,/api/login,GET,404,638,101,Chrome/120.0
2025-12-23 21:55:16.037785,10.0.0.42,/api/data,GET,404,556,210,Mozilla/5.0
2025-12-23 21:55:16.037785,10.0.0.36,/api/login,POST,404,332,150,Mozilla/5.0
2025-12-23 21:55:16.037785,10.0.0.12,/api/login,GET,200,711,196,Mozilla/5.0
2025-12-23 21:55:16.037785,10.0.0.17,/api/data,GET,200,254,155,Chrome/120.0
2025-12-23 21:55:16.037785,10.0.0.41,/login,POST,404,556,172,Safari/15.0
2025-12-23 21:55:16.037785,10.0.0.39,/login,POST,200,495,121,Safari/15.0
2025-12-23 21:55:16.037785,10.0.0.28,/api/data,POST,200,239,222,Safari/15.0
2025-12-23 21:55:16.037785,10.0.0.46,/api/data,GET,404,547,194,Chrome/120.0
2025-12-23 21:55:16.037785,10.0.0.10,/api/login,GET,200,488,243,Mozilla/5.0
2025-12-23 21:55:16.037785,10.0.0.41,/,POST,404,798,189,Chrome/120.0
2025-12-23 21:55:16.037785,10.0.0.7,/login,POST,200,598,155,Mozilla/5.0
2025-12-23 21:55:16.037785,10.0.0.10,/api/login,GET,404,628,89,Mozilla/5.0
2025-12-23 21:55:16.037785,10.0.0.47,/login,POST,404,562,189,Chrome/120.0
2025-12-23 21:55:16.037785,10.0.0.24,/login,POST,200,321,97,Mozilla/5.0
2025-12-23 21:55:16.037785,10.0.0.27,/api/login,GET,404,545,211,Safari/15.0
2025-12-23 21:55:16.037785,10.0.0.10,/login,POST,200,480,118,Chrome/120.0
2025-12-23 21:55:16.037785,10.0.0.16,/login,GET,200,755,196,Chrome/120.0
2025-12-23 21:55:16.037785,10.0.0.25,/api/data,GET,200,660,150,Mozilla/5.0
2025-12-23 21:55:16.037785,10.0.0.20,/login,GET,404,664,248,Safari/15.0
2025-12-23 21:55:16.037785,10.0.0.18,/login,GET,200,264,250,Chrome/120.0
2025-12-23 21:55:16.037785,10.0.0.1,/api/data,POST,200,704,189,Safari/15.0
2025-12-23 21:55:16.037785,10.0.0.29,/login,POST,200,490,153,Mozilla/5.0
2025-12-23 21:55:16.037785,10.0.0.26,/login,POST,200,539,243,Chrome/120.0
2025-12-23 21:55:16.037785,10.0.0.38,/,POST,200,427,177,Chrome/120.0
2025-12-23 21:55:16.037785,10.0.0.34,/api/login,GET,200,532,161,Mozilla/5.0
2025-12-23 21:55:16.037785,10.0.0.35,/login,GET,200,435,174,Safari/15.0
2025-12-23 21:55:16.037785,10.0.0.19,/login,POST,404,227,142,Safari/15.0
2025-12-23 21:55:16.037785,10.0.0.41,/api/data,GET,200,399,157,Safari/15.0
2025-12-23 21:55:16.037785,10.0.0.17,/login,POST,200,748,101,Safari/15.0
2025-12-23 21:55:16.037785,10.0.0.24,/login,POST,200,487,225,Mozilla/5.0
2025-12-23 21:55:16.037785,10.0.0.3,/,POST,200,762,86,Mozilla/5.0
2025-12-23 21:55:16.037785,10.0.0.46,/,POST,200,239,186,Safari/15.0
2025-12-23 21:55:16.037785,10.0.0.19,/api/data,GET,200,210,216,Mozilla/5.0
2025-12-23 21:55:16.037785,10.0.0.46,/api/login,GET,200,232,154,Safari/15.0
2025-12-23 21:55:16.037785,10.0.0.39,/api/data,GET,200,687,205,Safari/15.0
2025-12-23 21:55:16.037785,10.0.0.8,/,GET,200,681,200,Chrome/120.0
2025-12-23 21:55:16.037785,10.0.0.26,/api/data,POST,200,706,151,Chrome/120.0
2025-12-23 21:55:16.037785,10.0.0.38,/api/data,POST,404,725,106,Safari/15.0
2025-12-23 21:55:16.037785,10.0.0.24,/api/data,GET,200,277,115,Mozilla/5.0
2025-12-23 21:55:16.037785,10.0.0.15,/api/login,GET,404,350,238,Safari/15.0
2025-12-23 21:55:16.037785,10.0.0.28,/,POST,200,416,244,Chrome/120.0
2025-12-23 21:55:16.037785,10.0.0.1,/api/data,POST,200,523,222,Chrome/120.0
2025-12-23 21:55:16.037785,10.0.0.8,/api/login,GET,404,347,84,Safari/15.0
2025-12-23 21:55:16.037785,10.0.0.44,/login,POST,404,528,239,Chrome/120.0
2025-12-23 21:55:16.037785,10.0.0.9,/login,GET,200,293,90,Safari/15.0
2025-12-23 21:55:16.037785,10.0.0.9,/,GET,200,507,209,Chrome/120.0
2025-12-23 21:55:16.037785,10.0.0.35,/api/login,POST,200,529,229,Safari/15.0
2025-12-23 21:55:16.037785,10.0.0.32,/,GET,200,272,195,Safari/15.0
2025-12-23 21:56:16.037785,10.0.0.31,/api/login,GET,200,666,237,Mozilla/5.0
2025-12-23 21:56:16.037785,10.0.0.20,/,POST,404,539,87,Chrome/120.0
2025-12-23 21:56:16.037785,10.0.0.45,/api/login,POST,200,384,243,Safari/15.0
2025-12-23 21:56:16.037785,10.0.0.37,/login,GET,200,635,145,Mozilla/5.0
2025-12-23 21:56:16.037785,10.0.0.7,/login,GET,200,376,236,Chrome/120.0
2025-12-23 21:56:16.037785,10.0.0.42,/login,POST,200,709,161,Mozilla/5.0
2025-12-23 21:56:16.037785,10.0.0.17,/api/data,GET,404,292,144,Chrome/120.0
2025-12-23 21:56:16.037785,10.0.0.46,/api/data,GET,200,596,167,Chrome/120.0
2025-12-23 21:56:16.037785,10.0.0.9,/api/login,POST,200,788,233,Chrome/120.0
2025-12-23 21:56:16.037785,10.0.0.17,/api/data,GET,404,581,93,Chrome/120.0
2025-12-23 21:56:16.037785,10.0.0.5,/,GET,200,687,241,Safari/15.0
2025-12-23 21:56:16.037785,10.0.0.39,/api/login,POST,404,793,174,Mozilla/5.0
2025-12-23 21:56:16.037785,10.0.0.32,/api/login,POST,200,551,229,Safari/15.0
2025-12-23 21:56:16.037785,10.0.0.10,/login,GET,200,424,135,Mozilla/5.0
2025-12-23 21:56:16.037785,10.0.0.10,/api/login,GET,200,430,245,Safari/15.0
2025-12-23 21:56:16.037785,10.0.0.14,/api/data,GET,200,643,231,Mozilla/5.0
2025-12-23 21:56:16.037785,10.0.0.28,/,POST,200,376,223,Safari/15.0
2025-12-23 21:56:16.037785,10.0.0.2,/api/login,GET,200,645,97,Mozilla/5.0
2025-12-23 21:56:16.037785,10.0.0.19,/login,GET,200,656,91,Mozilla/5.0
2025-12-23 21:56:16.037785,10.0.0.23,/api/login,GET,200,280,113,Safari/15.0
2025-12-23 21:56:16.037785,10.0.0.12,/login,GET,404,270,103,Chrome/120.0
2025-12-23 21:56:16.037785,10.0.0.24,/api/login,POST,200,443,174,Safari/15.0
2025-12-23 21:56:16.037785,10.0.0.18,/api/login,POST,404,307,132,Mozilla/5.0
2025-12-23 21:56:16.037785,10.0.0.48,/api/login,POST,200,682,243,Mozilla/5.0
2025-12-23 21:56:16.037785,10.0.0.19,/api/login,POST,200,578,91,Mozilla/5.0
2025-12-23 21:56:16.037785,10.0.0.18,/api/login,POST,200,581,133,Mozilla/5.0
2025-12-23 21:56:16.037785,10.0.0.26,/login,GET,200,349,172,Chrome/120.0
2025-12-23 21:56:16.037785,10.0.0.6,/api/data,GET,200,428,241,Chrome/120.0
2025-12-23 21:56:16.037785,10.0.0.41,/,GET,404,666,204,Mozilla/5.0
2025-12-23 21:56:16.037785,10.0.0.2,/api/login,POST,200,213,145,Safari/15.0
2025-12-23 21:56:16.037785,10.0.0.13,/api/login,POST,200,555,226,Safari/15.0
2025-12-23 21:56:16.037785,10.0.0.6,/login,POST,200,581,213,Chrome/120.0
2025-12-23 21:56:16.037785,10.0.0.8,/,POST,200,727,124,Safari/15.0
2025-12-23 21:56:16.037785,10.0.0.48,/api/login,POST,200,633,247,Chrome/120.0
2025-12-23 21:56:16.037785,10.0.0.38,/api/login,POST,200,265,150,Safari/15.0
2025-12-23 21:56:16.037785,10.0.0.1,/api/login,POST,200,731,101,Safari/15.0
2025-12-23 21:56:16.037785,10.0.0.7,/login,GET,200,310,185,Safari/15.0
2025-12-23 21:56:16.037785,10.0.0.23,/,POST,404,753,192,Chrome/120.0
2025-12-23 21:56:16.037785,10.0.0.30,/login,POST,200,660,88,Chrome/120.0
2025-12-23 21:56:16.037785,10.0.0.30,/api/login,GET,200,643,96,Chrome/120.0
2025-12-23 21:56:16.037785,10.0.0.22,/api/login,POST,404,421,102,Safari/15.0
2025-12-23 21:56:16.037785,10.0.0.47,/login,POST,404,621,180,Chrome/120.0
2025-12-23 21:56:16.037785,10.0.0.22,/login,GET,200,771,143,Safari/15.0
2025-12-23 21:56:16.037785,10.0.0.35,/login,POST,200,620,107,Safari/15.0
2025-12-23 21:56:16.037785,10.0.0.34,/login,GET,200,253,183,Chrome/120.0
2025-12-23 21:57:16.037785,10.0.0.14,/api/login,POST,200,270,160,Mozilla/5.0
2025-12-23 21:57:16.037785,10.0.0.3,/,POST,404,426,145,Chrome/120.0
2025-12-23 21:57:16.037785,10.0.0.49,/api/data,GET,200,528,182,Safari/15.0
2025-12-23 21:57:16.037785,10.0.0.17,/,GET,200,345,168,Safari/15.0
2025-12-23 21:57:16.037785,10.0.0.28,/api/login,GET,200,242,154,Chrome/120.0
2025-12-23 21:57:16.037785,10.0.0.26,/,GET,404,741,190,Safari/15.0
2025-12-23 21:57:16.037785,10.0.0.6,/,POST,200,558,94,Mozilla/5.0
2025-12-23 21:57:16.037785,10.0.0.35,/login,GET,404,487,202,Mozilla/5.0
2025-12-23 21:57:16.037785,10.0.0.35,/,GET,404,588,90,Chrome/120.0
2025-12-23 21:57:16.037785,10.0.0.33,/login,GET,200,495,115,Safari/15.0
2025-12-23 21:57:16.037785,10.0.0.45,/,POST,200,425,238,Mozilla/5.0
2025-12-23 21:57:16.037785,10.0.0.26,/api/data,POST,200,459,191,Chrome/120.0
2025-12-23 21:57:16.037785,10.0.0.45,/,POST,200,522,107,Chrome/120.0
2025-12-23 21:57:16.037785,10.0.0.9,/login,GET,404,663,185,Chrome/120.0
2025-12-23 21:57:16.037785,10.0.0.42,/login,POST,200,708,170,Mozilla/5.0
2025-12-23 21:57:16.037785,10.0.0.30,/,POST,200,418,174,Mozilla/5.0
2025-12-23 21:57:16.037785,10.0.0.28,/api/data,GET,200,272,151,Chrome/120.0
2025-12-23 21:57:16.037785,10.0.0.24,/api/login,POST,200,464,241,Safari/15.0
2025-12-23 21:57:16.037785,10.0.0.10,/,POST,404,201,244,Chrome/120.0
2025-12-23 21:57:16.037785,10.0.0.25,/,POST,200,390,175,Safari/15.0
2025-12-23 21:57:16.037785,10.0.0.18,/login,GET,200,290,125,Mozilla/5.0
2025-12-23 21:57:16.037785,10.0.0.32,/api/data,GET,200,639,86,Safari/15.0
2025-12-23 21:57:16.037785,10.0.0.2,/login,POST,200,553,130,Chrome/120.0
2025-12-23 21:57:16.037785,10.0.0.46,/,GET,404,551,224,Safari/15.0
2025-12-23 21:57:16.037785,10.0.0.43,/,POST,200,608,181,Safari/15.0
2025-12-23 21:57:16.037785,10.0.0.35,/login,POST,200,653,121,Safari/15.0
2025-12-23 21:57:16.037785,10.0.0.21,/api/login,POST,200,727,113,Mozilla/5.0
2025-12-23 21:57:16.037785,10.0.0.40,/api/data,GET,200,703,147,Mozilla/5.0
2025-12-23 21:57:16.037785,10.0.0.36,/api/login,GET,404,332,129,Mozilla/5.0
2025-12-23 21:57:16.037785,10.0.0.30,/api/login,GET,200,784,100,Mozilla/5.0
2025-12-23 21:57:16.037785,10.0.0.27,/,POST,200,303,138,Mozilla/5.0
2025-12-23 21:57:16.037785,10.0.0.47,/,POST,404,274,215,Safari/15.0
2025-12-23 21:57:16.037785,10.0.0.30,/api/login,GET,200,756,113,Safari/15.0
2025-12-23 21:57:16.037785,10.0.0.47,/,POST,200,381,241,Chrome/120.0
2025-12-23 21:57:16.037785,10.0.0.49,/,POST,200,634,236,Chrome/120.0
2025-12-23 21:57:16.037785,10.0.0.23,/api/login,POST,200,495,148,Chrome/120.0
2025-12-23 21:57:16.037785,10.0.0.26,/api/login,POST,200,473,187,Safari/15.0
2025-12-23 21:57:16.037785,10.0.0.27,/,POST,200,276,248,Chrome/120.0
2025-12-23 21:57:16.037785,10.0.0.43,/api/data,GET,404,446,89,Chrome/120.0
2025-12-23 21:57:16.037785,10.0.0.37,/login,POST,404,642,87,Chrome/120.0
2025-12-23 21:57:16.037785,10.0.0.43,/api/data,POST,200,420,207,Safari/15.0
2025-12-23 21:57:16.037785,10.0.0.35,/api/data,GET,404,406,110,Safari/15.0
2025-12-23 21:57:16.037785,10.0.0.7,/api/login,POST,404,210,149,Chrome/120.0
2025-12-23 21:57:16.037785,10.0.0.30,/api/data,POST,200,751,197,Safari/15.0
2025-12-23 21:57:16.037785,10.0.0.47,/,POST,200,359,82,Chrome/120.0
2025-12-23 21:57:16.037785,10.0.0.24,/,GET,200,506,83,Safari/15.0
2025-12-23 21:57:16.037785,10.0.0.25,/,POST,200,248,109,Mozilla/5.0
2025-12-23 21:57:16.037785,10.0.0.17,/login,GET,404,325,177,Chrome/120.0
2025-12-23 21:57:16.037785,10.0.0.25,/api/data,GET,200,234,114,Mozilla/5.0
2025-12-23 21:57:16.037785,10.0.0.3,/,POST,404,626,248,Chrome/120.0
2025-12-23 21:57:16.037785,10.0.0.28,/api/data,POST,404,694,178,Chrome/120.0
2025-12-23 21:57:16.037785,10.0.0.4,/login,GET,200,370,239,Mozilla/5.0
2025-12-23 21:58:16.037785,10.0.0.9,/,POST,200,679,160,Mozilla/5.0
2025-12-23 21:58:16.037785,10.0.0.44,/login,GET,200,368,177,Chrome/120.0
2025-12-23 21:58:16.037785,10.0.0.39,/,POST,200,657,100,Mozilla/5.0
2025-12-23 21:58:16.037785,10.0.0.18,/login,GET,200,342,117,Chrome/120.0
2025-12-23 21:58:16.037785,10.0.0.18,/,GET,200,452,224,Safari/15.0
2025-12-23 21:58:16.037785,10.0.0.24,/,POST,404,638,138,Chrome/120.0
2025-12-23 21:58:16.037785,10.0.0.39,/api/login,POST,200,779,117,Chrome/120.0
2025-12-23 21:58:16.037785,10.0.0.44,/api/login,GET,404,730,102,Mozilla/5.0
2025-12-23 21:58:16.037785,10.0.0.43,/,POST,404,275,197,Safari/15.0
2025-12-23 21:58:16.037785,10.0.0.27,/api/login,POST,200,795,171,Mozilla/5.0
2025-12-23 21:58:16.037785,10.0.0.27,/login,POST,200,671,162,Mozilla/5.0
2025-12-23 21:58:16.037785,10.0.0.39,/api/login,POST,200,287,224,Mozilla/5.0
2025-12-23 21:58:16.037785,10.0.0.21,/api/data,GET,404,581,90,Mozilla/5.0
2025-12-23 21:58:16.037785,10.0.0.1,/api/data,POST,404,494,230,Chrome/120.0
2025-12-23 21:58:16.037785,10.0.0.11,/api/data,POST,200,487,154,Chrome/120.0
2025-12-23 21:58:16.037785,10.0.0.3,/api/data,GET,200,672,110,Mozilla/5.0
2025-12-23 21:58:16.037785,10.0.0.27,/api/data,GET,404,371,107,Chrome/120.0
2025-12-23 21:58:16.037785,10.0.0.14,/,GET,404,598,148,Chrome/120.0
2025-12-23 21:58:16.037785,10.0.0.38,/,GET,200,352,202,Safari/15.0
2025-12-23 21:58:16.037785,10.0.0.14,/,POST,404,781,138,Chrome/120.0
2025-12-23 21:58:16.037785,10.0.0.20,/,GET,404,568,215,Safari/15.0
2025-12-23 21:58:16.037785,10.0.0.26,/api/data,GET,200,503,249,Mozilla/5.0
2025-12-23 21:58:16.037785,10.0.0.22,/,POST,200,268,103,Safari/15.0
2025-12-23 21:58:16.037785,10.0.0.28,/login,GET,200,259,92,Safari/15.0
2025-12-23 21:58:16.037785,10.0.0.12,/api/login,POST,200,645,135,Chrome/120.0
2025-12-23 21:58:16.037785,10.0.0.21,/login,POST,200,305,189,Mozilla/5.0
2025-12-23 21:58:16.037785,10.0.0.31,/login,GET,404,423,84,Mozilla/5.0
2025-12-23 21:58:16.037785,10.0.0.20,/api/data,GET,200,548,215,Safari/15.0
2025-12-23 21:58:16.037785,10.0.0.35,/login,POST,404,592,222,Chrome/120.0
2025-12-23 21:58:16.037785,10.0.0.20,/login,POST,200,513,92,Mozilla/5.0
2025-12-23 21:58:16.037785,10.0.0.34,/api/data,GET,200,587,200,Mozilla/5.0
2025-12-23 21:58:16.037785,10.0.0.4,/api/data,GET,404,317,185,Safari/15.0
2025-12-23 21:58:16.037785,10.0.0.36,/api/login,POST,200,269,104,Mozilla/5.0
2025-12-23 21:58:16.037785,10.0.0.9,/login,POST,200,413,103,Mozilla/5.0
2025-12-23 21:58:16.037785,10.0.0.16,/api/login,GET,404,687,218,Safari/15.0
2025-12-23 21:58:16.037785,10.0.0.49,/login,POST,404,772,88,Chrome/120.0
2025-12-23 21:58:16.037785,10.0.0.29,/,GET,200,285,119,Safari/15.0
2025-12-23 21:58:16.037785,10.0.0.2,/,POST,200,539,124,Mozilla/5.0
2025-12-23 21:58:16.037785,10.0.0.17,/api/data,POST,200,634,209,Chrome/120.0
2025-12-23 21:58:16.037785,10.0.0.13,/api/data,GET,200,488,240,Mozilla/5.0
2025-12-23 21:58:16.037785,10.0.0.13,/,GET,200,521,115,Safari/15.0
2025-12-23 21:58:16.037785,10.0.0.18,/,GET,200,287,147,Safari/15.0
2025-12-23 21:58:16.037785,10.0.0.17,/,POST,200,386,168,Safari/15.0
2025-12-23 21:58:16.037785,10.0.0.5,/,GET,200,233,237,Chrome/120.0
2025-12-23 21:58:16.037785,10.0.0.4,/api/data,POST,200,288,183,Chrome/120.0
2025-12-23 21:58:16.037785,10.0.0.33,/login,GET,200,628,246,Chrome/120.0
2025-12-23 21:58:16.037785,10.0.0.30,/api/login,POST,200,229,109,Mozilla/5.0
2025-12-23 21:58:16.037785,10.0.0.100,/admin,POST,401,1588,703,bot-agent
2025-12-23 21:58:16.037785,10.0.0.100,/api/login,POST,403,1897,660,bot-agent
2025-12-23 21:58:16.037785,10.0.0.100,/api/login,POST,403,1898,751,bot-agent
2025-12-23 21:58:16.037785,10.0.0.100,/login,POST,401,1047,678,bot-agent
2025-12-23 21:58:16.037785,10.0.0.99,/api/login,POST,401,1225,331,bot-agent
2025-12-23 21:58:16.037785,10.0.0.100,/admin,POST,403,1548,763,bot-agent
2025-12-23 21:58:16.037785,10.0.0.99,/login,POST,403,1889,555,bot-agent
2025-12-23 21:58:16.037785,10.0.0.99,/admin,POST,500,1003,601,bot-agent
2025-12-23 21:58:16.037785,10.0.0.99,/admin,POST,403,1852,720,bot-agent
2025-12-23 21:58:16.037785,10.0.0.99,/api/login,POST,500,1919,552,bot-agent
2025-12-23 21:58:16.037785,10.0.0.99,/login,POST,401,1106,772,bot-agent
2025-12-23 21:58:16.037785,10.0.0.99,/admin,POST,401,1663,457,bot-agent
2025-12-23 21:58:16.037785,10.0.0.100,/api/login,POST,500,1640,727,bot-agent
2025-12-23 21:58:16.037785,10.0.0.99,/login,POST,401,1580,718,bot-agent
2025-12-23 21:58:16.037785,10.0.0.100,/admin,POST,401,1943,714,bot-agent
2025-12-23 21:58:16.037785,10.0.0.99,/login,POST,403,1304,650,bot-agent
2025-12-23 21:58:16.037785,10.0.0.100,/api/login,POST,401,1327,522,bot-agent
2025-12-23 21:58:16.037785,10.0.0.99,/api/login,POST,500,1769,428,bot-agent
2025-12-23 21:58:16.037785,10.0.0.99,/login,POST,403,1783,590,bot-agent
2025-12-23 21:58:16.037785,10.0.0.99,/admin,POST,403,1642,735,bot-agent
2025-12-23 21:58:16.037785,10.0.0.99,/login,POST,500,902,421,bot-agent
2025-12-23 21:58:16.037785,10.0.0.100,/login,POST,403,1766,311,bot-agent
2025-12-23 21:58:16.037785,10.0.0.100,/api/login,POST,401,1478,763,bot-agent
2025-12-23 21:58:16.037785,10.0.0.99,/api/login,POST,403,1072,503,bot-agent
2025-12-23 21:58:16.037785,10.0.0.100,/admin,POST,500,1100,701,bot-agent
2025-12-23 21:58:16.037785,10.0.0.99,/login,POST,403,1801,696,bot-agent
2025-12-23 21:58:16.037785,10.0.0.100,/api/login,POST,403,1113,614,bot-agent
2025-12-23 21:59:16.037785,10.0.0.34,/api/data,GET,200,579,97,Chrome/120.0
2025-12-23 21:59:16.037785,10.0.0.14,/api/data,POST,200,485,145,Mozilla/5.0
2025-12-23 21:59:16.037785,10.0.0.7,/,POST,200,215,90,Chrome/120.0
2025-12-23 21:59:16.037785,10.0.0.17,/api/data,GET,200,613,202,Chrome/120.0
2025-12-23 21:59:16.037785,10.0.0.37,/api/login,POST,404,666,136,Chrome/120.0
2025-12-23 21:59:16.037785,10.0.0.43,/login,GET,200,419,250,Mozilla/5.0
2025-12-23 21:59:16.037785,10.0.0.14,/api/login,GET,200,788,224,Chrome/120.0
2025-12-23 21:59:16.037785,10.0.0.30,/api/login,POST,200,682,229,Mozilla/5.0
2025-12-23 21:59:16.037785,10.0.0.46,/api/login,GET,200,779,250,Safari/15.0
2025-12-23 21:59:16.037785,10.0.0.16,/api/data,POST,404,480,99,Safari/15.0
2025-12-23 21:59:16.037785,10.0.0.35,/login,GET,404,258,218,Safari/15.0
2025-12-23 21:59:16.037785,10.0.0.17,/api/data,POST,200,708,143,Chrome/120.0
2025-12-23 21:59:16.037785,10.0.0.47,/,POST,200,421,171,Chrome/120.0
2025-12-23 21:59:16.037785,10.0.0.10,/api/data,GET,200,487,150,Mozilla/5.0
2025-12-23 21:59:16.037785,10.0.0.25,/api/data,GET,404,610,119,Safari/15.0
2025-12-23 21:59:16.037785,10.0.0.49,/login,POST,200,255,237,Mozilla/5.0
2025-12-23 21:59:16.037785,10.0.0.43,/api/login,POST,200,423,116,Chrome/120.0
2025-12-23 21:59:16.037785,10.0.0.5,/api/login,POST,200,353,200,Safari/15.0
2025-12-23 21:59:16.037785,10.0.0.40,/api/data,POST,404,610,227,Mozilla/5.0
2025-12-23 21:59:16.037785,10.0.0.12,/,GET,200,613,182,Safari/15.0
2025-12-23 21:59:16.037785,10.0.0.42,/,GET,200,647,194,Mozilla/5.0
2025-12-23 21:59:16.037785,10.0.0.27,/login,GET,200,724,213,Safari/15.0
2025-12-23 21:59:16.037785,10.0.0.8,/,POST,200,793,127,Safari/15.0
2025-12-23 21:59:16.037785,10.0.0.21,/api/data,POST,200,212,177,Chrome/120.0
2025-12-23 21:59:16.037785,10.0.0.41,/login,POST,404,521,178,Safari/15.0
2025-12-23 21:59:16.037785,10.0.0.9,/,POST,200,649,95,Chrome/120.0
2025-12-23 21:59:16.037785,10.0.0.27,/api/data,GET,404,629,89,Safari/15.0
2025-12-23 21:59:16.037785,10.0.0.48,/api/data,GET,200,231,199,Mozilla/5.0
2025-12-23 21:59:16.037785,10.0.0.30,/login,POST,200,243,86,Safari/15.0
2025-12-23 21:59:16.037785,10.0.0.12,/api/login,GET,200,493,135,Chrome/120.0
2025-12-23 21:59:16.037785,10.0.0.31,/api/login,POST,200,516,81,Safari/15.0
2025-12-23 21:59:16.037785,10.0.0.19,/api/login,POST,200,216,207,Mozilla/5.0
2025-12-23 21:59:16.037785,10.0.0.19,/,POST,200,721,139,Mozilla/5.0
2025-12-23 21:59:16.037785,10.0.0.13,/api/data,POST,200,396,196,Chrome/120.0
2025-12-23 21:59:16.037785,10.0.0.29,/api/login,POST,200,334,199,Chrome/120.0
2025-12-23 21:59:16.037785,10.0.0.26,/api/data,GET,200,277,217,Chrome/120.0
2025-12-23 21:59:16.037785,10.0.0.31,/,POST,404,466,118,Safari/15.0
2025-12-23 21:59:16.037785,10.0.0.31,/login,POST,200,504,135,Safari/15.0
2025-12-23 21:59:16.037785,10.0.0.25,/api/data,GET,200,779,87,Mozilla/5.0
2025-12-23 21:59:16.037785,10.0.0.31,/login,POST,200,688,173,Mozilla/5.0
2025-12-23 22:00:16.037785,10.0.0.6,/api/data,POST,200,741,85,Mozilla/5.0
2025-12-23 22:00:16.037785,10.0.0.3,/,GET,404,522,130,Mozilla/5.0
2025-12-23 22:00:16.037785,10.0.0.19,/api/login,POST,200,778,131,Chrome/120.0
2025-12-23 22:00:16.037785,10.0.0.34,/api/login,POST,200,229,91,Safari/15.0
2025-12-23 22:00:16.037785,10.0.0.42,/api/login,GET,404,399,152,Chrome/120.0
2025-12-23 22:00:16.037785,10.0.0.15,/api/data,GET,404,637,179,Chrome/120.0
2025-12-23 22:00:16.037785,10.0.0.45,/login,POST,404,224,164,Chrome/120.0
2025-12-23 22:00:16.037785,10.0.0.11,/api/data,POST,404,347,162,Chrome/120.0
2025-12-23 22:00:16.037785,10.0.0.38,/api/data,GET,200,575,186,Safari/15.0
2025-12-23 22:00:16.037785,10.0.0.20,/login,POST,200,487,191,Safari/15.0
2025-12-23 22:00:16.037785,10.0.0.21,/login,POST,200,207,199,Mozilla/5.0
2025-12-23 22:00:16.037785,10.0.0.35,/api/login,GET,200,772,147,Chrome/120.0
2025-12-23 22:00:16.037785,10.0.0.14,/api/login,POST,200,302,199,Chrome/120.0
2025-12-23 22:00:16.037785,10.0.0.4,/api/data,GET,200,573,216,Mozilla/5.0
2025-12-23 22:00:16.037785,10.0.0.44,/api/data,POST,200,298,223,Mozilla/5.0
2025-12-23 22:00:16.037785,10.0.0.1,/,GET,200,253,118,Chrome/120.0
2025-12-23 22:00:16.037785,10.0.0.13,/login,GET,200,333,141,Chrome/120.0
2025-12-23 22:00:16.037785,10.0.0.47,/,GET,200,634,106,Mozilla/5.0
2025-12-23 22:00:16.037785,10.0.0.26,/,POST,200,775,189,Chrome/120.0
2025-12-23 22:00:16.037785,10.0.0.24,/,GET,404,640,220,Mozilla/5.0
2025-12-23 22:00:16.037785,10.0.0.38,/api/login,GET,200,236,161,Mozilla/5.0
2025-12-23 22:00:16.037785,10.0.0.2,/,POST,200,468,106,Safari/15.0
2025-12-23 22:00:16.037785,10.0.0.26,/login,POST,200,306,118,Mozilla/5.0
2025-12-23 22:00:16.037785,10.0.0.26,/api/data,POST,200,794,148,Mozilla/5.0
2025-12-23 22:00:16.037785,10.0.0.47,/api/login,GET,200,630,244,Mozilla/5.0
2025-12-23 22:00:16.037785,10.0.0.43,/api/data,GET,200,206,149,Mozilla/5.0
2025-12-23 22:00:16.037785,10.0.0.3,/api/data,POST,200,619,201,Safari/15.0
2025-12-23 22:00:16.037785,10.0.0.23,/login,GET,200,278,118,Mozilla/5.0
2025-12-23 22:00:16.037785,10.0.0.43,/,GET,200,336,122,Mozilla/5.0
2025-12-23 22:00:16.037785,10.0.0.2,/login,GET,200,249,175,Safari/15.0
2025-12-23 22:00:16.037785,10.0.0.39,/api/data,GET,200,514,182,Safari/15.0
2025-12-23 22:00:16.037785,10.0.0.10,/login,POST,200,630,240,Mozilla/5.0
2025-12-23 22:00:16.037785,10.0.0.11,/login,GET,200,299,156,Chrome/120.0
2025-12-23 22:00:16.037785,10.0.0.27,/login,GET,200,340,244,Safari/15.0
2025-12-23 22:00:16.037785,10.0.0.10,/api/login,POST,200,424,203,Chrome/120.0
2025-12-23 22:00:16.037785,10.0.0.36,/api/data,POST,200,681,156,Mozilla/5.0
2025-12-23 22:00:16.037785,10.0.0.28,/,POST,200,296,228,Safari/15.0
2025-12-23 22:00:16.037785,10.0.0.35,/api/data,GET,404,400,86,Chrome/120.0
2025-12-23 22:00:16.037785,10.0.0.10,/api/data,GET,200,248,192,Chrome/120.0
2025-12-23 22:00:16.037785,10.0.0.43,/,GET,200,684,218,Chrome/120.0
2025-12-23 22:00:16.037785,10.0.0.4,/api/login,GET,200,795,144,Chrome/120.0
2025-12-23 22:00:16.037785,10.0.0.200,/api/login,POST,401,824,250,Mozilla/5.0
2025-12-23 22:01:16.037785,10.0.0.14,/login,GET,200,539,107,Safari/15.0
2025-12-23 22:01:16.037785,10.0.0.37,/login,POST,200,676,224,Mozilla/5.0
2025-12-23 22:01:16.037785,10.0.0.30,/api/login,GET,200,464,125,Safari/15.0
2025-12-23 22:01:16.037785,10.0.0.33,/api/login,POST,200,609,241,Chrome/120.0
2025-12-23 22:01:16.037785,10.0.0.8,/,POST,200,256,130,Safari/15.0
2025-12-23 22:01:16.037785,10.0.0.24,/login,GET,404,743,211,Safari/15.0
2025-12-23 22:01:16.037785,10.0.0.17,/login,POST,200,654,203,Safari/15.0
2025-12-23 22:01:16.037785,10.0.0.38,/login,POST,200,777,194,Safari/15.0
2025-12-23 22:01:16.037785,10.0.0.7,/api/login,POST,200,487,189,Safari/15.0
2025-12-23 22:01:16.037785,10.0.0.6,/api/login,POST,200,558,241,Mozilla/5.0
2025-12-23 22:01:16.037785,10.0.0.1,/login,GET,200,573,228,Chrome/120.0
2025-12-23 22:01:16.037785,10.0.0.28,/,POST,200,621,162,Safari/15.0
2025-12-23 22:01:16.037785,10.0.0.22,/login,GET,200,700,118,Mozilla/5.0
2025-12-23 22:01:16.037785,10.0.0.44,/login,POST,200,548,111,Chrome/120.0
2025-12-23 22:01:16.037785,10.0.0.28,/api/data,GET,200,678,189,Safari/15.0
2025-12-23 22:01:16.037785,10.0.0.33,/api/data,POST,404,286,125,Safari/15.0
2025-12-23 22:01:16.037785,10.0.0.32,/,GET,200,219,235,Mozilla/5.0
2025-12-23 22:01:16.037785,10.0.0.20,/api/login,POST,200,670,223,Safari/15.0
2025-12-23 22:01:16.037785,10.0.0.8,/,POST,200,539,92,Mozilla/5.0
2025-12-23 22:01:16.037785,10.0.0.23,/,GET,200,359,200,Safari/15.0
2025-12-23 22:01:16.037785,10.0.0.19,/api/data,GET,200,313,234,Mozilla/5.0
2025-12-23 22:01:16.037785,10.0.0.26,/api/data,POST,200,418,125,Chrome/120.0
2025-12-23 22:01:16.037785,10.0.0.34,/login,GET,200,595,196,Mozilla/5.0
2025-12-23 22:01:16.037785,10.0.0.5,/login,GET,200,456,119,Safari/15.0
2025-12-23 22:01:16.037785,10.0.0.2,/,POST,200,775,113,Chrome/120.0
2025-12-23 22:01:16.037785,10.0.0.16,/api/data,GET,200,564,238,Chrome/120.0
2025-12-23 22:01:16.037785,10.0.0.48,/,POST,200,314,100,Mozilla/5.0
2025-12-23 22:01:16.037785,10.0.0.2,/login,POST,200,306,245,Mozilla/5.0
2025-12-23 22:01:16.037785,10.0.0.29,/api/data,POST,200,549,166,Mozilla/5.0
2025-12-23 22:01:16.037785,10.0.0.46,/login,POST,200,793,143,Safari/15.0
2025-12-23 22:01:16.037785,10.0.0.19,/api/login,POST,404,306,184,Safari/15.0
2025-12-23 22:01:16.037785,10.0.0.29,/,GET,200,745,171,Mozilla/5.0
2025-12-23 22:01:16.037785,10.0.0.30,/,POST,200,433,125,Mozilla/5.0
2025-12-23 22:01:16.037785,10.0.0.20,/,GET,200,561,201,Chrome/120.0
2025-12-23 22:01:16.037785,10.0.0.1,/,GET,200,203,119,Mozilla/5.0
2025-12-23 22:01:16.037785,10.0.0.200,/api/login,POST,403,768,336,Mozilla/5.0
2025-12-23 22:02:16.037785,10.0.0.1,/api/data,GET,200,716,222,Safari/15.0
2025-12-23 22:02:16.037785,10.0.0.44,/login,POST,200,666,121,Chrome/120.0
2025-12-23 22:02:16.037785,10.0.0.30,/api/login,GET,200,416,226,Chrome/120.0
2025-12-23 22:02:16.037785,10.0.0.10,/,GET,200,304,90,Chrome/120.0
2025-12-23 22:02:16.037785,10.0.0.46,/api/data,POST,200,632,125,Mozilla/5.0
2025-12-23 22:02:16.037785,10.0.0.36,/api/login,GET,200,752,107,Chrome/120.0
2025-12-23 22:02:16.037785,10.0.0.13,/api/data,GET,404,471,221,Chrome/120.0
2025-12-23 22:02:16.037785,10.0.0.33,/api/data,POST,404,496,195,Chrome/120.0
2025-12-23 22:02:16.037785,10.0.0.18,/api/login,POST,200,568,176,Chrome/120.0
2025-12-23 22:02:16.037785,10.0.0.9,/,POST,404,298,135,Mozilla/5.0
2025-12-23 22:02:16.037785,10.0.0.12,/login,POST,200,514,148,Safari/15.0
2025-12-23 22:02:16.037785,10.0.0.35,/login,POST,200,392,88,Mozilla/5.0
2025-12-23 22:02:16.037785,10.0.0.16,/api/login,POST,200,529,96,Chrome/120.0
2025-12-23 22:02:16.037785,10.0.0.33,/api/login,GET,200,695,145,Safari/15.0
2025-12-23 22:02:16.037785,10.0.0.49,/login,POST,200,677,141,Safari/15.0
2025-12-23 22:02:16.037785,10.0.0.15,/login,POST,404,473,182,Chrome/120.0
2025-12-23 22:02:16.037785,10.0.0.46,/api/data,POST,200,343,109,Safari/15.0
2025-12-23 22:02:16.037785,10.0.0.13,/api/data,POST,404,231,241,Chrome/120.0
2025-12-23 22:02:16.037785,10.0.0.31,/api/data,GET,200,791,141,Safari/15.0
2025-12-23 22:02:16.037785,10.0.0.44,/login,POST,200,389,163,Chrome/120.0
2025-12-23 22:02:16.037785,10.0.0.47,/login,POST,200,568,106,Chrome/120.0
2025-12-23 22:02:16.037785,10.0.0.28,/login,GET,404,363,249,Chrome/120.0
2025-12-23 22:02:16.037785,10.0.0.37,/,POST,200,768,115,Chrome/120.0
2025-12-23 22:02:16.037785,10.0.0.26,/,POST,200,305,207,Chrome/120.0
2025-12-23 22:02:16.037785,10.0.0.19,/api/login,POST,404,415,162,Mozilla/5.0
2025-12-23 22:02:16.037785,10.0.0.40,/,POST,404,382,234,Mozilla/5.0
2025-12-23 22:02:16.037785,10.0.0.26,/api/login,POST,200,624,241,Mozilla/5.0
2025-12-23 22:02:16.037785,10.0.0.38,/,POST,200,558,246,Safari/15.0
2025-12-23 22:02:16.037785,10.0.0.35,/login,POST,200,761,139,Mozilla/5.0
2025-12-23 22:02:16.037785,10.0.0.38,/api/login,GET,200,376,175,Mozilla/5.0
2025-12-23 22:02:16.037785,10.0.0.26,/api/login,GET,200,556,180,Safari/15.0
2025-12-23 22:02:16.037785,10.0.0.10,/,GET,200,224,96,Mozilla/5.0
2025-12-23 22:02:16.037785,10.0.0.2,/api/login,POST,200,309,189,Mozilla/5.0
2025-12-23 22:02:16.037785,10.0.0.17,/api/data,GET,404,405,158,Safari/15.0
2025-12-23 22:02:16.037785,10.0.0.49,/login,POST,200,651,185,Mozilla/5.0
2025-12-23 22:02:16.037785,10.0.0.48,/login,GET,200,514,103,Safari/15.0
2025-12-23 22:02:16.037785,10.0.0.99,/admin,POST,403,1618,415,bot-agent
2025-12-23 22:02:16.037785,10.0.0.100,/login,POST,500,1875,563,bot-agent
2025-12-23 22:02:16.037785,10.0.0.100,/admin,POST,403,1987,452,bot-agent
2025-12-23 22:02:16.037785,10.0.0.100,/login,POST,500,1809,587,bot-agent
2025-12-23 22:02:16.037785,10.0.0.100,/api/login,POST,500,1825,571,bot-agent
2025-12-23 22:02:16.037785,10.0.0.100,/login,POST,401,1540,309,bot-agent
2025-12-23 22:02:16.037785,10.0.0.99,/login,POST,500,1331,445,bot-agent
2025-12-23 22:02:16.037785,10.0.0.99,/admin,POST,401,1287,543,bot-agent
2025-12-23 22:02:16.037785,10.0.0.100,/admin,POST,500,1792,412,bot-agent
2025-12-23 22:02:16.037785,10.0.0.100,/admin,POST,401,1830,582,bot-agent
2025-12-23 22:02:16.037785,10.0.0.100,/admin,POST,403,1906,637,bot-agent
2025-12-23 22:02:16.037785,10.0.0.100,/login,POST,401,1344,661,bot-agent
2025-12-23 22:02:16.037785,10.0.0.100,/admin,POST,403,1020,714,bot-agent
2025-12-23 22:02:16.037785,10.0.0.100,/api/login,POST,401,1172,438,bot-agent
2025-12-23 22:02:16.037785,10.0.0.99,/admin,POST,500,1386,544,bot-agent
2025-12-23 22:02:16.037785,10.0.0.99,/admin,POST,500,1422,440,bot-agent
2025-12-23 22:02:16.037785,10.0.0.99,/api/login,POST,403,1346,654,bot-agent
2025-12-23 22:02:16.037785,10.0.0.99,/admin,POST,403,1401,617,bot-agent
2025-12-23 22:02:16.037785,10.0.0.100,/login,POST,403,1509,366,bot-agent
2025-12-23 22:02:16.037785,10.0.0.99,/api/login,POST,500,1789,348,bot-agent
2025-12-23 22:02:16.037785,10.0.0.100,/login,POST,403,1236,456,bot-agent
2025-12-23 22:02:16.037785,10.0.0.100,/login,POST,403,1591,480,bot-agent
2025-12-23 22:02:16.037785,10.0.0.100,/admin,POST,500,1211,710,bot-agent
2025-12-23 22:02:16.037785,10.0.0.99,/login,POST,500,1088,552,bot-agent
2025-12-23 22:02:16.037785,10.0.0.99,/api/login,POST,401,1169,743,bot-agent
2025-12-23 22:02:16.037785,10.0.0.99,/login,POST,401,1570,338,bot-agent
2025-12-23 22:02:16.037785,10.0.0.200,/api/login,POST,403,797,323,Mozilla/5.0
2025-12-23 22:03:16.037785,10.0.0.3,/api/login,POST,200,381,247,Chrome/120.0
2025-12-23 22:03:16.037785,10.0.0.31,/api/data,GET,200,570,101,Chrome/120.0
2025-12-23 22:03:16.037785,10.0.0.6,/api/login,GET,200,664,95,Safari/15.0
2025-12-23 22:03:16.037785,10.0.0.32,/api/login,POST,404,485,171,Safari/15.0
2025-12-23 22:03:16.037785,10.0.0.9,/,GET,200,425,207,Mozilla/5.0
2025-12-23 22:03:16.037785,10.0.0.26,/api/data,POST,200,421,148,Chrome/120.0
2025-12-23 22:03:16.037785,10.0.0.35,/,GET,404,428,141,Mozilla/5.0
2025-12-23 22:03:16.037785,10.0.0.38,/,GET,200,384,174,Mozilla/5.0
2025-12-23 22:03:16.037785,10.0.0.16,/,POST,404,231,83,Mozilla/5.0
2025-12-23 22:03:16.037785,10.0.0.9,/login,POST,200,401,133,Chrome/120.0
2025-12-23 22:03:16.037785,10.0.0.4,/api/login,POST,404,457,236,Safari/15.0
2025-12-23 22:03:16.037785,10.0.0.22,/api/data,POST,200,304,225,Mozilla/5.0
2025-12-23 22:03:16.037785,10.0.0.11,/api/login,GET,200,416,211,Chrome/120.0
2025-12-23 22:03:16.037785,10.0.0.2,/,POST,200,597,174,Safari/15.0
2025-12-23 22:03:16.037785,10.0.0.40,/login,POST,200,615,120,Safari/15.0
2025-12-23 22:03:16.037785,10.0.0.30,/login,POST,200,796,135,Chrome/120.0
2025-12-23 22:03:16.037785,10.0.0.18,/api/login,GET,200,315,120,Chrome/120.0
2025-12-23 22:03:16.037785,10.0.0.11,/api/login,GET,200,768,174,Chrome/120.0
2025-12-23 22:03:16.037785,10.0.0.9,/api/data,POST,200,764,245,Safari/15.0
2025-12-23 22:03:16.037785,10.0.0.15,/api/login,POST,404,304,206,Mozilla/5.0
2025-12-23 22:03:16.037785,10.0.0.10,/,GET,200,308,223,Safari/15.0
2025-12-23 22:03:16.037785,10.0.0.17,/api/login,GET,200,702,206,Safari/15.0
2025-12-23 22:03:16.037785,10.0.0.13,/,GET,200,559,244,Safari/15.0
2025-12-23 22:03:16.037785,10.0.0.10,/api/data,POST,404,308,119,Safari/15.0
2025-12-23 22:03:16.037785,10.0.0.43,/api/data,GET,404,256,185,Chrome/120.0
2025-12-23 22:03:16.037785,10.0.0.46,/login,POST,200,625,204,Safari/15.0
2025-12-23 22:03:16.037785,10.0.0.6,/login,GET,200,557,140,Safari/15.0
2025-12-23 22:03:16.037785,10.0.0.8,/api/data,POST,404,684,120,Chrome/120.0
2025-12-23 22:03:16.037785,10.0.0.9,/api/data,GET,404,507,159,Safari/15.0
2025-12-23 22:03:16.037785,10.0.0.49,/api/data,POST,404,307,228,Safari/15.0
2025-12-23 22:03:16.037785,10.0.0.35,/login,GET,200,333,100,Mozilla/5.0
2025-12-23 22:03:16.037785,10.0.0.42,/login,GET,200,254,103,Mozilla/5.0
2025-12-23 22:03:16.037785,10.0.0.16,/,POST,200,303,225,Mozilla/5.0
2025-12-23 22:03:16.037785,10.0.0.17,/api/login,GET,404,471,240,Chrome/120.0
2025-12-23 22:03:16.037785,10.0.0.200,/api/login,POST,403,768,348,Mozilla/5.0
2025-12-23 22:04:16.037785,10.0.0.6,/login,GET,200,440,218,Safari/15.0
2025-12-23 22:04:16.037785,10.0.0.1,/,POST,200,792,161,Chrome/120.0
2025-12-23 22:04:16.037785,10.0.0.19,/,GET,200,477,197,Safari/15.0
2025-12-23 22:04:16.037785,10.0.0.13,/,GET,404,402,106,Chrome/120.0
2025-12-23 22:04:16.037785,10.0.0.24,/login,POST,404,334,115,Mozilla/5.0
2025-12-23 22:04:16.037785,10.0.0.7,/,POST,404,241,183,Chrome/120.0
2025-12-23 22:04:16.037785,10.0.0.38,/,GET,200,481,123,Mozilla/5.0
2025-12-23 22:04:16.037785,10.0.0.36,/api/data,GET,200,218,168,Safari/15.0
2025-12-23 22:04:16.037785,10.0.0.44,/api/login,GET,404,326,195,Chrome/120.0
2025-12-23 22:04:16.037785,10.0.0.24,/,GET,200,630,126,Mozilla/5.0
2025-12-23 22:04:16.037785,10.0.0.8,/api/data,GET,200,220,123,Safari/15.0
2025-12-23 22:04:16.037785,10.0.0.43,/api/data,POST,200,246,222,Safari/15.0
2025-12-23 22:04:16.037785,10.0.0.7,/api/data,POST,200,249,230,Safari/15.0
2025-12-23 22:04:16.037785,10.0.0.23,/login,GET,200,641,133,Mozilla/5.0
2025-12-23 22:04:16.037785,10.0.0.16,/login,GET,200,325,179,Chrome/120.0
2025-12-23 22:04:16.037785,10.0.0.38,/api/login,GET,200,368,191,Chrome/120.0
2025-12-23 22:04:16.037785,10.0.0.28,/api/data,POST,200,268,113,Mozilla/5.0
2025-12-23 22:04:16.037785,10.0.0.29,/,POST,200,785,220,Chrome/120.0
2025-12-23 22:04:16.037785,10.0.0.14,/api/login,POST,200,797,185,Mozilla/5.0
2025-12-23 22:04:16.037785,10.0.0.21,/api/data,GET,200,749,187,Safari/15.0
2025-12-23 22:04:16.037785,10.0.0.22,/login,GET,200,296,179,Safari/15.0
2025-12-23 22:04:16.037785,10.0.0.9,/,GET,200,440,224,Safari/15.0
2025-12-23 22:04:16.037785,10.0.0.44,/api/login,POST,200,330,173,Safari/15.0
2025-12-23 22:04:16.037785,10.0.0.45,/api/login,POST,200,552,104,Chrome/120.0
2025-12-23 22:04:16.037785,10.0.0.19,/login,POST,200,447,133,Chrome/120.0
2025-12-23 22:04:16.037785,10.0.0.41,/api/data,POST,404,782,119,Mozilla/5.0
2025-12-23 22:04:16.037785,10.0.0.22,/api/data,GET,200,546,207,Mozilla/5.0
2025-12-23 22:04:16.037785,10.0.0.32,/api/data,POST,404,368,80,Safari/15.0
2025-12-23 22:04:16.037785,10.0.0.33,/api/data,GET,404,784,215,Safari/15.0
2025-12-23 22:04:16.037785,10.0.0.32,/api/login,GET,404,754,177,Chrome/120.0
2025-12-23 22:04:16.037785,10.0.0.34,/login,POST,200,284,193,Mozilla/5.0
2025-12-23 22:04:16.037785,10.0.0.23,/login,POST,200,530,147,Mozilla/5.0
2025-12-23 22:04:16.037785,10.0.0.35,/api/data,GET,200,652,149,Mozilla/5.0
2025-12-23 22:04:16.037785,10.0.0.200,/api/login,POST,403,832,345,Mozilla/5.0
2025-12-23 22:05:16.037785,10.0.0.11,/login,GET,404,779,205,Safari/15.0
2025-12-23 22:05:16.037785,10.0.0.40,/login,GET,404,597,169,Chrome/120.0
2025-12-23 22:05:16.037785,10.0.0.13,/,POST,200,565,236,Safari/15.0
2025-12-23 22:05:16.037785,10.0.0.9,/api/login,GET,200,465,106,Safari/15.0
2025-12-23 22:05:16.037785,10.0.0.19,/api/login,POST,200,800,218,Chrome/120.0
2025-12-23 22:05:16.037785,10.0.0.7,/login,GET,200,308,203,Mozilla/5.0
2025-12-23 22:05:16.037785,10.0.0.2,/,GET,200,558,248,Mozilla/5.0
2025-12-23 22:05:16.037785,10.0.0.3,/api/data,GET,404,715,152,Chrome/120.0
2025-12-23 22:05:16.037785,10.0.0.36,/login,GET,200,356,114,Chrome/120.0
2025-12-23 22:05:16.037785,10.0.0.26,/,GET,200,638,241,Safari/15.0
2025-12-23 22:05:16.037785,10.0.0.5,/api/data,GET,200,757,211,Mozilla/5.0
2025-12-23 22:05:16.037785,10.0.0.24,/login,GET,404,228,180,Safari/15.0
2025-12-23 22:05:16.037785,10.0.0.35,/api/login,GET,200,313,156,Mozilla/5.0
2025-12-23 22:05:16.037785,10.0.0.46,/login,GET,200,627,119,Safari/15.0
2025-12-23 22:05:16.037785,10.0.0.9,/api/login,GET,200,328,214,Chrome/120.0
2025-12-23 22:05:16.037785,10.0.0.28,/,POST,200,482,85,Mozilla/5.0
2025-12-23 22:05:16.037785,10.0.0.19,/login,POST,200,224,249,Mozilla/5.0
2025-12-23 22:05:16.037785,10.0.0.32,/login,POST,200,499,128,Mozilla/5.0
2025-12-23 22:05:16.037785,10.0.0.42,/login,GET,200,377,94,Safari/15.0
2025-12-23 22:05:16.037785,10.0.0.40,/login,POST,404,747,232,Safari/15.0
2025-12-23 22:05:16.037785,10.0.0.29,/api/data,POST,200,500,239,Safari/15.0
2025-12-23 22:05:16.037785,10.0.0.10,/api/data,GET,200,350,104,Chrome/120.0
2025-12-23 22:05:16.037785,10.0.0.5,/,GET,200,391,192,Chrome/120.0
2025-12-23 22:05:16.037785,10.0.0.40,/api/data,POST,200,358,175,Chrome/120.0
2025-12-23 22:05:16.037785,10.0.0.49,/login,POST,200,479,162,Mozilla/5.0
2025-12-23 22:05:16.037785,10.0.0.19,/login,GET,200,443,181,Safari/15.0
2025-12-23 22:05:16.037785,10.0.0.17,/api/login,POST,200,310,111,Mozilla/5.0
2025-12-23 22:05:16.037785,10.0.0.32,/api/login,GET,200,517,153,Safari/15.0
2025-12-23 22:05:16.037785,10.0.0.41,/api/login,POST,404,304,243,Safari/15.0
2025-12-23 22:05:16.037785,10.0.0.14,/,GET,200,272,184,Mozilla/5.0
2025-12-23 22:05:16.037785,10.0.0.33,/,POST,200,664,217,Chrome/120.0
2025-12-23 22:05:16.037785,10.0.0.47,/login,POST,200,201,109,Chrome/120.0
2025-12-23 22:05:16.037785,10.0.0.200,/api/login,POST,401,731,301,Mozilla/5.0
2025-12-23 22:06:16.037785,10.0.0.4,/api/data,GET,200,718,217,Mozilla/5.0
2025-12-23 22:06:16.037785,10.0.0.47,/api/login,GET,200,201,107,Mozilla/5.0
2025-12-23 22:06:16.037785,10.0.0.23,/login,GET,200,505,153,Chrome/120.0
2025-12-23 22:06:16.037785,10.0.0.34,/api/data,GET,200,369,130,Chrome/120.0
2025-12-23 22:06:16.037785,10.0.0.49,/api/data,POST,404,241,166,Mozilla/5.0
2025-12-23 22:06:16.037785,10.0.0.10,/api/data,POST,404,225,125,Mozilla/5.0
2025-12-23 22:06:16.037785,10.0.0.28,/login,POST,200,300,89,Chrome/120.0
2025-12-23 22:06:16.037785,10.0.0.29,/api/login,POST,200,538,134,Chrome/120.0
2025-12-23 22:06:16.037785,10.0.0.39,/,GET,200,338,147,Mozilla/5.0
2025-12-23 22:06:16.037785,10.0.0.24,/,GET,200,735,162,Chrome/120.0
2025-12-23 22:06:16.037785,10.0.0.13,/api/data,GET,200,531,157,Chrome/120.0
2025-12-23 22:06:16.037785,10.0.0.28,/,POST,200,205,169,Chrome/120.0
2025-12-23 22:06:16.037785,10.0.0.10,/,POST,200,696,146,Safari/15.0
2025-12-23 22:06:16.037785,10.0.0.26,/api/data,POST,404,786,220,Mozilla/5.0
2025-12-23 22:06:16.037785,10.0.0.37,/api/data,POST,200,742,167,Chrome/120.0
2025-12-23 22:06:16.037785,10.0.0.44,/api/login,POST,200,372,132,Safari/15.0
2025-12-23 22:06:16.037785,10.0.0.16,/api/data,GET,200,563,243,Chrome/120.0
2025-12-23 22:06:16.037785,10.0.0.24,/,GET,404,235,185,Safari/15.0
2025-12-23 22:06:16.037785,10.0.0.48,/login,POST,200,408,82,Mozilla/5.0
2025-12-23 22:06:16.037785,10.0.0.25,/api/login,GET,404,658,128,Mozilla/5.0
2025-12-23 22:06:16.037785,10.0.0.1,/api/data,GET,404,702,139,Safari/15.0
2025-12-23 22:06:16.037785,10.0.0.33,/,GET,200,610,124,Chrome/120.0
2025-12-23 22:06:16.037785,10.0.0.2,/login,POST,200,475,133,Mozilla/5.0
2025-12-23 22:06:16.037785,10.0.0.14,/api/data,POST,200,375,221,Safari/15.0
2025-12-23 22:06:16.037785,10.0.0.9,/api/login,GET,200,541,213,Safari/15.0
2025-12-23 22:06:16.037785,10.0.0.16,/api/data,POST,404,574,223,Safari/15.0
2025-12-23 22:06:16.037785,10.0.0.31,/,GET,200,407,237,Mozilla/5.0
2025-12-23 22:06:16.037785,10.0.0.37,/api/data,POST,200,682,215,Chrome/120.0
2025-12-23 22:06:16.037785,10.0.0.45,/,GET,200,266,218,Chrome/120.0
2025-12-23 22:06:16.037785,10.0.0.1,/,GET,404,336,195,Mozilla/5.0
2025-12-23 22:06:16.037785,10.0.0.1,/,GET,404,246,144,Chrome/120.0
2025-12-23 22:06:16.037785,10.0.0.31,/,POST,404,581,203,Mozilla/5.0
2025-12-23 22:06:16.037785,10.0.0.34,/login,GET,404,496,130,Mozilla/5.0
2025-12-23 22:06:16.037785,10.0.0.39,/login,GET,200,425,191,Mozilla/5.0
2025-12-23 22:06:16.037785,10.0.0.41,/,POST,404,307,168,Chrome/120.0
2025-12-23 22:06:16.037785,10.0.0.7,/login,GET,404,764,149,Mozilla/5.0
2025-12-23 22:06:16.037785,10.0.0.2,/,POST,404,256,227,Safari/15.0
2025-12-23 22:06:16.037785,10.0.0.26,/login,GET,404,606,226,Safari/15.0
2025-12-23 22:06:16.037785,10.0.0.37,/login,POST,404,520,163,Mozilla/5.0
2025-12-23 22:06:16.037785,10.0.0.15,/login,GET,200,477,143,Chrome/120.0
2025-12-23 22:06:16.037785,10.0.0.38,/login,POST,404,598,183,Safari/15.0
2025-12-23 22:06:16.037785,10.0.0.44,/login,POST,200,414,248,Mozilla/5.0
2025-12-23 22:06:16.037785,10.0.0.16,/api/login,GET,200,579,81,Mozilla/5.0
2025-12-23 22:06:16.037785,10.0.0.4,/api/login,POST,404,355,195,Mozilla/5.0
2025-12-23 22:06:16.037785,10.0.0.9,/api/data,POST,404,532,187,Chrome/120.0
2025-12-23 22:06:16.037785,10.0.0.2,/api/data,POST,200,461,227,Chrome/120.0
2025-12-23 22:06:16.037785,10.0.0.17,/api/data,GET,200,388,114,Mozilla/5.0
2025-12-23 22:06:16.037785,10.0.0.99,/login,POST,403,1298,713,bot-agent
2025-12-23 22:06:16.037785,10.0.0.99,/admin,POST,401,962,687,bot-agent
2025-12-23 22:06:16.037785,10.0.0.99,/admin,POST,401,1095,547,bot-agent
2025-12-23 22:06:16.037785,10.0.0.100,/admin,POST,401,1459,565,bot-agent
2025-12-23 22:06:16.037785,10.0.0.99,/api/login,POST,500,1482,600,bot-agent
2025-12-23 22:06:16.037785,10.0.0.100,/admin,POST,401,1496,526,bot-agent
2025-12-23 22:06:16.037785,10.0.0.100,/api/login,POST,401,1012,364,bot-agent
2025-12-23 22:06:16.037785,10.0.0.100,/login,POST,401,1504,349,bot-agent
2025-12-23 22:06:16.037785,10.0.0.100,/admin,POST,401,1393,741,bot-agent
2025-12-23 22:06:16.037785,10.0.0.99,/login,POST,500,1833,456,bot-agent
2025-12-23 22:06:16.037785,10.0.0.99,/login,POST,403,1227,737,bot-agent
2025-12-23 22:06:16.037785,10.0.0.99,/admin,POST,403,1444,543,bot-agent
2025-12-23 22:06:16.037785,10.0.0.99,/login,POST,401,1718,445,bot-agent
2025-12-23 22:06:16.037785,10.0.0.99,/admin,POST,401,1170,496,bot-agent
2025-12-23 22:06:16.037785,10.0.0.99,/api/login,POST,401,1018,486,bot-agent
2025-12-23 22:06:16.037785,10.0.0.99,/login,POST,500,1546,793,bot-agent
2025-12-23 22:06:16.037785,10.0.0.100,/admin,POST,403,1279,335,bot-agent
2025-12-23 22:06:16.037785,10.0.0.100,/login,POST,403,1784,390,bot-agent
2025-12-23 22:06:16.037785,10.0.0.99,/login,POST,500,1709,642,bot-agent
2025-12-23 22:06:16.037785,10.0.0.99,/api/login,POST,403,1838,478,bot-agent
2025-12-23 22:06:16.037785,10.0.0.100,/login,POST,500,1419,456,bot-agent
2025-12-23 22:06:16.037785,10.0.0.100,/api/login,POST,500,1054,359,bot-agent
2025-12-23 22:06:16.037785,10.0.0.100,/api/login,POST,403,1414,481,bot-agent
2025-12-23 22:06:16.037785,10.0.0.100,/login,POST,401,1436,479,bot-agent
2025-12-23 22:06:16.037785,10.0.0.100,/api/login,POST,401,1049,606,bot-agent
2025-12-23 22:06:16.037785,10.0.0.99,/login,POST,403,1430,543,bot-agent
2025-12-23 22:06:16.037785,10.0.0.99,/login,POST,403,1067,543,bot-agent
2025-12-23 22:06:16.037785,10.0.0.100,/admin,POST,500,1240,433,bot-agent
2025-12-23 22:06:16.037785,10.0.0.99,/api/login,POST,500,1922,602,bot-agent
2025-12-23 22:06:16.037785,10.0.0.99,/login,POST,401,1593,581,bot-agent
2025-12-23 22:06:16.037785,10.0.0.99,/api/login,POST,500,1810,401,bot-agent
2025-12-23 22:06:16.037785,10.0.0.99,/login,POST,500,1960,470,bot-agent
2025-12-23 22:06:16.037785,10.0.0.99,/admin,POST,500,1168,547,bot-agent
2025-12-23 22:06:16.037785,10.0.0.99,/api/login,POST,500,1387,662,bot-agent
2025-12-23 22:06:16.037785,10.0.0.99,/admin,POST,401,1413,705,bot-agent
2025-12-23 22:06:16.037785,10.0.0.99,/api/login,POST,500,1221,349,bot-agent
2025-12-23 22:06:16.037785,10.0.0.100,/admin,POST,403,1972,450,bot-agent
2025-12-23 22:06:16.037785,10.0.0.99,/login,POST,500,925,354,bot-agent
2025-12-23 22:06:16.037785,10.0.0.99,/api/login,POST,500,1518,730,bot-agent
2025-12-23 22:06:16.037785,10.0.0.99,/admin,POST,500,1156,614,bot-agent
2025-12-23 22:06:16.037785,10.0.0.200,/api/login,POST,401,715,259,Mozilla/5.0
2025-12-23 22:07:16.037785,10.0.0.1,/api/login,POST,404,552,168,Safari/15.0
2025-12-23 22:07:16.037785,10.0.0.14,/,POST,200,445,101,Safari/15.0
2025-12-23 22:07:16.037785,10.0.0.35,/api/data,POST,200,550,174,Safari/15.0
2025-12-23 22:07:16.037785,10.0.0.44,/,POST,200,749,225,Mozilla/5.0
2025-12-23 22:07:16.037785,10.0.0.14,/login,POST,404,388,160,Chrome/120.0
2025-12-23 22:07:16.037785,10.0.0.23,/login,GET,200,259,149,Chrome/120.0
2025-12-23 22:07:16.037785,10.0.0.41,/api/login,POST,200,712,132,Chrome/120.0
2025-12-23 22:07:16.037785,10.0.0.20,/,GET,200,727,239,Safari/15.0
2025-12-23 22:07:16.037785,10.0.0.20,/,POST,200,504,154,Mozilla/5.0
2025-12-23 22:07:16.037785,10.0.0.18,/api/login,POST,200,665,100,Safari/15.0
2025-12-23 22:07:16.037785,10.0.0.12,/login,POST,200,709,133,Chrome/120.0
2025-12-23 22:07:16.037785,10.0.0.1,/,GET,404,768,203,Mozilla/5.0
2025-12-23 22:07:16.037785,10.0.0.43,/api/data,POST,404,400,143,Mozilla/5.0
2025-12-23 22:07:16.037785,10.0.0.11,/login,GET,200,408,173,Mozilla/5.0
2025-12-23 22:07:16.037785,10.0.0.19,/api/login,GET,200,723,195,Mozilla/5.0
2025-12-23 22:07:16.037785,10.0.0.8,/api/login,GET,200,228,115,Mozilla/5.0
2025-12-23 22:07:16.037785,10.0.0.21,/api/data,POST,200,508,235,Safari/15.0
2025-12-23 22:07:16.037785,10.0.0.4,/api/login,POST,200,558,242,Chrome/120.0
2025-12-23 22:07:16.037785,10.0.0.27,/,POST,200,738,153,Chrome/120.0
2025-12-23 22:07:16.037785,10.0.0.21,/,POST,404,410,216,Mozilla/5.0
2025-12-23 22:07:16.037785,10.0.0.9,/,GET,200,363,170,Chrome/120.0
2025-12-23 22:07:16.037785,10.0.0.9,/api/data,GET,200,743,103,Mozilla/5.0
2025-12-23 22:07:16.037785,10.0.0.17,/api/login,GET,200,489,106,Chrome/120.0
2025-12-23 22:07:16.037785,10.0.0.13,/api/login,POST,200,609,215,Mozilla/5.0
2025-12-23 22:07:16.037785,10.0.0.10,/api/data,POST,200,377,237,Chrome/120.0
2025-12-23 22:07:16.037785,10.0.0.31,/login,POST,200,304,158,Mozilla/5.0
2025-12-23 22:07:16.037785,10.0.0.4,/login,POST,404,323,186,Chrome/120.0
2025-12-23 22:07:16.037785,10.0.0.19,/,POST,404,747,167,Chrome/120.0
2025-12-23 22:07:16.037785,10.0.0.20,/api/login,POST,200,671,102,Safari/15.0
2025-12-23 22:07:16.037785,10.0.0.17,/api/data,GET,200,625,231,Mozilla/5.0
2025-12-23 22:07:16.037785,10.0.0.6,/,POST,200,575,250,Chrome/120.0
2025-12-23 22:07:16.037785,10.0.0.38,/api/login,POST,200,606,132,Chrome/120.0
2025-12-23 22:07:16.037785,10.0.0.23,/api/login,POST,200,249,91,Mozilla/5.0
2025-12-23 22:07:16.037785,10.0.0.44,/,GET,200,744,175,Mozilla/5.0
2025-12-23 22:07:16.037785,10.0.0.30,/,GET,200,596,156,Chrome/120.0
2025-12-23 22:07:16.037785,10.0.0.20,/,POST,404,768,237,Mozilla/5.0
2025-12-23 22:07:16.037785,10.0.0.29,/,POST,200,755,238,Chrome/120.0
2025-12-23 22:07:16.037785,10.0.0.21,/,GET,404,739,224,Chrome/120.0
2025-12-23 22:07:16.037785,10.0.0.32,/,GET,200,337,130,Mozilla/5.0
2025-12-23 22:07:16.037785,10.0.0.17,/login,POST,200,239,126,Safari/15.0
2025-12-23 22:07:16.037785,10.0.0.15,/api/login,POST,200,603,178,Safari/15.0
2025-12-23 22:07:16.037785,10.0.0.17,/api/login,POST,200,335,168,Chrome/120.0
2025-12-23 22:07:16.037785,10.0.0.43,/login,GET,200,320,238,Chrome/120.0
2025-12-23 22:07:16.037785,10.0.0.13,/,GET,200,743,95,Safari/15.0
2025-12-23 22:07:16.037785,10.0.0.7,/api/login,POST,404,325,204,Safari/15.0
2025-12-23 22:07:16.037785,10.0.0.47,/,GET,200,315,231,Chrome/120.0
2025-12-23 22:07:16.037785,10.0.0.34,/api/login,GET,200,474,106,Mozilla/5.0
2025-12-23 22:07:16.037785,10.0.0.24,/api/login,POST,200,347,124,Safari/15.0
2025-12-23 22:07:16.037785,10.0.0.36,/,POST,200,233,99,Chrome/120.0
2025-12-23 22:07:16.037785,10.0.0.45,/api/login,GET,404,662,201,Chrome/120.0
2025-12-23 22:07:16.037785,10.0.0.3,/login,GET,200,393,186,Mozilla/5.0
2025-12-23 22:07:16.037785,10.0.0.1,/login,POST,200,565,155,Mozilla/5.0
2025-12-23 22:07:16.037785,10.0.0.30,/login,GET,200,652,227,Chrome/120.0
2025-12-23 22:07:16.037785,10.0.0.200,/api/login,POST,403,830,315,Mozilla/5.0
2025-12-23 22:08:16.037785,10.0.0.43,/login,GET,200,733,226,Mozilla/5.0
2025-12-23 22:08:16.037785,10.0.0.47,/login,POST,404,625,118,Safari/15.0
2025-12-23 22:08:16.037785,10.0.0.33,/api/data,POST,200,635,192,Chrome/120.0
2025-12-23 22:08:16.037785,10.0.0.23,/api/data,POST,200,210,206,Safari/15.0
2025-12-23 22:08:16.037785,10.0.0.4,/api/data,GET,200,649,236,Mozilla/5.0
2025-12-23 22:08:16.037785,10.0.0.34,/,GET,200,705,96,Mozilla/5.0
2025-12-23 22:08:16.037785,10.0.0.49,/,POST,200,332,152,Chrome/120.0
2025-12-23 22:08:16.037785,10.0.0.6,/api/login,GET,404,452,216,Mozilla/5.0
2025-12-23 22:08:16.037785,10.0.0.26,/api/data,GET,200,729,194,Safari/15.0
2025-12-23 22:08:16.037785,10.0.0.32,/api/login,GET,404,302,183,Mozilla/5.0
2025-12-23 22:08:16.037785,10.0.0.44,/api/login,POST,200,230,121,Mozilla/5.0
2025-12-23 22:08:16.037785,10.0.0.11,/api/login,POST,404,206,84,Safari/15.0
2025-12-23 22:08:16.037785,10.0.0.46,/,GET,200,567,246,Mozilla/5.0
2025-12-23 22:08:16.037785,10.0.0.16,/,GET,200,489,247,Mozilla/5.0
2025-12-23 22:08:16.037785,10.0.0.20,/api/data,POST,200,577,107,Mozilla/5.0
2025-12-23 22:08:16.037785,10.0.0.48,/api/data,POST,200,242,204,Mozilla/5.0
2025-12-23 22:08:16.037785,10.0.0.36,/login,GET,200,754,132,Safari/15.0
2025-12-23 22:08:16.037785,10.0.0.41,/login,GET,404,782,247,Chrome/120.0
2025-12-23 22:08:16.037785,10.0.0.43,/api/data,GET,200,493,163,Chrome/120.0
2025-12-23 22:08:16.037785,10.0.0.43,/api/login,POST,200,602,144,Mozilla/5.0
2025-12-23 22:08:16.037785,10.0.0.13,/,GET,200,520,199,Chrome/120.0
2025-12-23 22:08:16.037785,10.0.0.22,/api/data,POST,200,223,222,Mozilla/5.0
2025-12-23 22:08:16.037785,10.0.0.25,/,POST,200,379,105,Mozilla/5.0
2025-12-23 22:08:16.037785,10.0.0.46,/api/login,POST,404,386,210,Mozilla/5.0
2025-12-23 22:08:16.037785,10.0.0.13,/api/login,GET,404,764,240,Chrome/120.0
2025-12-23 22:08:16.037785,10.0.0.36,/,GET,200,204,80,Safari/15.0
2025-12-23 22:08:16.037785,10.0.0.22,/api/data,POST,200,650,245,Safari/15.0
2025-12-23 22:08:16.037785,10.0.0.27,/login,POST,200,201,147,Safari/15.0
2025-12-23 22:08:16.037785,10.0.0.8,/api/login,GET,200,238,230,Chrome/120.0
2025-12-23 22:08:16.037785,10.0.0.18,/login,POST,404,539,243,Chrome/120.0
2025-12-23 22:08:16.037785,10.0.0.29,/api/login,POST,200,538,186,Chrome/120.0
2025-12-23 22:08:16.037785,10.0.0.36,/api/login,GET,200,681,181,Safari/15.0
2025-12-23 22:08:16.037785,10.0.0.23,/login,GET,200,278,214,Mozilla/5.0
2025-12-23 22:08:16.037785,10.0.0.23,/login,POST,200,729,163,Safari/15.0
2025-12-23 22:08:16.037785,10.0.0.25,/api/data,GET,404,450,165,Safari/15.0
2025-12-23 22:08:16.037785,10.0.0.33,/api/data,GET,200,278,102,Mozilla/5.0
2025-12-23 22:08:16.037785,10.0.0.15,/,GET,404,230,181,Mozilla/5.0
2025-12-23 22:08:16.037785,10.0.0.17,/api/data,GET,404,674,214,Safari/15.0
2025-12-23 22:08:16.037785,10.0.0.45,/api/data,GET,404,741,245,Safari/15.0
2025-12-23 22:08:16.037785,10.0.0.29,/api/login,GET,200,526,89,Safari/15.0
2025-12-23 22:08:16.037785,10.0.0.4,/api/data,GET,200,548,170,Safari/15.0
2025-12-23 22:08:16.037785,10.0.0.16,/,GET,404,686,103,Safari/15.0
2025-12-23 22:08:16.037785,10.0.0.18,/api/login,GET,200,761,154,Mozilla/5.0
2025-12-23 22:08:16.037785,10.0.0.12,/login,GET,200,580,248,Chrome/120.0
2025-12-23 22:08:16.037785,10.0.0.200,/api/login,POST,403,830,287,Mozilla/5.0
